coin_id,pred,signal,mcap
NEARUSDT,0.01761022810984203,long,1611217.604
XLMUSDT,0.012216790008977362,neutral,2009516.3387
USDCUSDT,0.011720545558021513,neutral,15414001.52472
USD1USDT,0.007601090267597914,neutral,1080430.52868
ZECUSDT,0.005444090296275461,neutral,1685720.8523
SOLUSDT,0.00028231509174527283,neutral,2060242.04946
BTCUSDT,-0.0001922697965089596,neutral,14302529.262784202
ETHUSDT,-0.0005973530122451876,neutral,4774350.526749
XRPUSDT,-0.0015805947473307783,short,1565325.88797
